iter	Logloss
0	0.5537835469
1	0.452906788
2	0.378988559
3	0.3250969422
4	0.2881294423
